event_id,name,description,url,start_datetime,end_datetime,start_date,venue_name,venue_address,venue_latitude,venue_longitude,address_region,address_country,category,is_free,estimated_attendance,venue_capacity,day_of_week,hour_of_day,month,is_weekend,duration_hours,traffic_impact_score
DUB202301011353,Business Summit Ireland,Business event at Convention Centre Dublin in Dublin,https://example.com/events/DUB202301011353,2023-01-01T00:00:00,2023-01-04T00:00:00,2023-01-01,Convention Centre Dublin,"Spencer Dock, North Wall Quay, Dublin 1",53.3486,-6.2392,Dublin,Ireland,Business,False,1720,8000,Sunday,20,1,True,18,3.15
DUB202301010890,Theatre Production,Entertainment event at Olympia Theatre in Dublin,https://example.com/events/DUB202301010890,2023-01-01T00:00:00,2023-01-03T00:00:00,2023-01-01,Olympia Theatre,"72 Dame St, Dublin 2",53.3441,-6.265,Dublin,Ireland,Entertainment,False,743,1650,Sunday,20,1,True,12,3.15
DUB202301011371,Ballet Performance,Arts event at Bord Gáis Energy Theatre in Dublin,https://example.com/events/DUB202301011371,2023-01-01T00:00:00,2023-01-08T00:00:00,2023-01-01,Bord Gáis Energy Theatre,"Grand Canal Square, Docklands, Dublin 2",53.3417,-6.2368,Dublin,Ireland,Arts,False,1336,2111,Sunday,14,1,True,42,3.15
DUB202301029533,Irish Music Night,Entertainment event at 3Arena in Dublin,https://example.com/events/DUB202301029533,2023-01-02T00:00:00,2023-01-03T00:00:00,2023-01-02,3Arena,"North Wall Quay, Dublin 1",53.3478,-6.2297,Dublin,Ireland,Entertainment,False,6828,13000,Monday,19,1,False,6,5.0
DUB202301032109,International Pop Concert,Entertainment event at 3Arena in Dublin,https://example.com/events/DUB202301032109,2023-01-03T00:00:00,2023-01-04T00:00:00,2023-01-03,3Arena,"North Wall Quay, Dublin 1",53.3478,-6.2297,Dublin,Ireland,Entertainment,False,9837,13000,Tuesday,20,1,False,6,5.0
DUB202301046236,Comedy Night,Entertainment event at Olympia Theatre in Dublin,https://example.com/events/DUB202301046236,2023-01-04T00:00:00,2023-01-05T00:00:00,2023-01-04,Olympia Theatre,"72 Dame St, Dublin 2",53.3441,-6.265,Dublin,Ireland,Entertainment,False,1037,1650,Wednesday,20,1,False,6,3.0
DUB202301054190,Rock Festival Night,Entertainment event at 3Arena in Dublin,https://example.com/events/DUB202301054190,2023-01-05T00:00:00,2023-01-06T00:00:00,2023-01-05,3Arena,"North Wall Quay, Dublin 1",53.3478,-6.2297,Dublin,Ireland,Entertainment,False,9139,13000,Thursday,19,1,False,6,5.0
DUB202301061371,Ballet Performance,Arts event at Bord Gáis Energy Theatre in Dublin,https://example.com/events/DUB202301061371,2023-01-06T00:00:00,2023-01-09T00:00:00,2023-01-06,Bord Gáis Energy Theatre,"Grand Canal Square, Docklands, Dublin 2",53.3417,-6.2368,Dublin,Ireland,Arts,False,1927,2111,Friday,19,1,False,18,4.5
DUB202301078632,Temple Bar Food Market,Community event at St Stephen's Green in Dublin,https://example.com/events/DUB202301078632,2023-01-07T00:00:00,2023-01-08T00:00:00,2023-01-07,St Stephen's Green,"St Stephen's Green, Dublin 2",53.3376,-6.2597,Dublin,Ireland,Community,True,2625,10000,Saturday,20,1,True,6,3.5
DUB202301076236,Comedy Night,Entertainment event at Olympia Theatre in Dublin,https://example.com/events/DUB202301076236,2023-01-07T00:00:00,2023-01-08T00:00:00,2023-01-07,Olympia Theatre,"72 Dame St, Dublin 2",53.3441,-6.265,Dublin,Ireland,Entertainment,False,1038,1650,Saturday,20,1,True,6,2.1
DUB202301071371,Ballet Performance,Arts event at Bord Gáis Energy Theatre in Dublin,https://example.com/events/DUB202301071371,2023-01-07T00:00:00,2023-01-14T00:00:00,2023-01-07,Bord Gáis Energy Theatre,"Grand Canal Square, Docklands, Dublin 2",53.3417,-6.2368,Dublin,Ireland,Arts,False,760,2111,Saturday,14,1,True,42,3.15
DUB202301084118,Opera Performance,Arts event at Bord Gáis Energy Theatre in Dublin,https://example.com/events/DUB202301084118,2023-01-08T00:00:00,2023-01-11T00:00:00,2023-01-08,Bord Gáis Energy Theatre,"Grand Canal Square, Docklands, Dublin 2",53.3417,-6.2368,Dublin,Ireland,Arts,False,1861,2111,Sunday,20,1,True,18,3.15
DUB202301100796,Stand-up Comedy Special,Entertainment event at Olympia Theatre in Dublin,https://example.com/events/DUB202301100796,2023-01-10T00:00:00,2023-01-12T00:00:00,2023-01-10,Olympia Theatre,"72 Dame St, Dublin 2",53.3441,-6.265,Dublin,Ireland,Entertainment,False,806,1650,Tuesday,14,1,False,12,4.5
DUB202301128401,Classical Concert,Entertainment event at 3Arena in Dublin,https://example.com/events/DUB202301128401,2023-01-12T00:00:00,2023-01-13T00:00:00,2023-01-12,3Arena,"North Wall Quay, Dublin 1",53.3478,-6.2297,Dublin,Ireland,Entertainment,False,11216,13000,Thursday,14,1,False,6,7.0
DUB202301136236,Comedy Night,Entertainment event at Olympia Theatre in Dublin,https://example.com/events/DUB202301136236,2023-01-13T00:00:00,2023-01-14T00:00:00,2023-01-13,Olympia Theatre,"72 Dame St, Dublin 2",53.3441,-6.265,Dublin,Ireland,Entertainment,False,608,1650,Friday,20,1,False,6,3.0
DUB202301135847,Classical Music Concert,Arts event at Bord Gáis Energy Theatre in Dublin,https://example.com/events/DUB202301135847,2023-01-13T00:00:00,2023-01-20T00:00:00,2023-01-13,Bord Gáis Energy Theatre,"Grand Canal Square, Docklands, Dublin 2",53.3417,-6.2368,Dublin,Ireland,Arts,False,2032,2111,Friday,20,1,False,42,7.5
DUB202301144118,Opera Performance,Arts event at Bord Gáis Energy Theatre in Dublin,https://example.com/events/DUB202301144118,2023-01-14T00:00:00,2023-01-21T00:00:00,2023-01-14,Bord Gáis Energy Theatre,"Grand Canal Square, Docklands, Dublin 2",53.3417,-6.2368,Dublin,Ireland,Arts,False,1665,2111,Saturday,14,1,True,42,3.15
DUB202301154190,Rock Festival Night,Entertainment event at 3Arena in Dublin,https://example.com/events/DUB202301154190,2023-01-15T00:00:00,2023-01-16T00:00:00,2023-01-15,3Arena,"North Wall Quay, Dublin 1",53.3478,-6.2297,Dublin,Ireland,Entertainment,False,12841,13000,Sunday,19,1,True,6,4.9
DUB202301151371,Ballet Performance,Arts event at Bord Gáis Energy Theatre in Dublin,https://example.com/events/DUB202301151371,2023-01-15T00:00:00,2023-01-18T00:00:00,2023-01-15,Bord Gáis Energy Theatre,"Grand Canal Square, Docklands, Dublin 2",53.3417,-6.2368,Dublin,Ireland,Arts,False,1622,2111,Sunday,19,1,True,18,3.15
DUB202301160890,Theatre Production,Entertainment event at Olympia Theatre in Dublin,https://example.com/events/DUB202301160890,2023-01-16T00:00:00,2023-01-17T00:00:00,2023-01-16,Olympia Theatre,"72 Dame St, Dublin 2",53.3441,-6.265,Dublin,Ireland,Entertainment,False,1559,1650,Monday,20,1,False,6,3.0
DUB202301170602,Comedy Show,Entertainment event at 3Arena in Dublin,https://example.com/events/DUB202301170602,2023-01-17T00:00:00,2023-01-18T00:00:00,2023-01-17,3Arena,"North Wall Quay, Dublin 1",53.3478,-6.2297,Dublin,Ireland,Entertainment,False,7940,13000,Tuesday,20,1,False,6,5.0
DUB202301196236,Comedy Night,Entertainment event at Olympia Theatre in Dublin,https://example.com/events/DUB202301196236,2023-01-19T00:00:00,2023-01-21T00:00:00,2023-01-19,Olympia Theatre,"72 Dame St, Dublin 2",53.3441,-6.265,Dublin,Ireland,Entertainment,False,1491,1650,Thursday,19,1,False,12,4.5
DUB202301202694,Musical Theatre Show,Arts event at Bord Gáis Energy Theatre in Dublin,https://example.com/events/DUB202301202694,2023-01-20T00:00:00,2023-01-23T00:00:00,2023-01-20,Bord Gáis Energy Theatre,"Grand Canal Square, Docklands, Dublin 2",53.3417,-6.2368,Dublin,Ireland,Arts,False,1087,2111,Friday,14,1,False,18,4.5
DUB202301214118,Opera Performance,Arts event at Bord Gáis Energy Theatre in Dublin,https://example.com/events/DUB202301214118,2023-01-21T00:00:00,2023-01-24T00:00:00,2023-01-21,Bord Gáis Energy Theatre,"Grand Canal Square, Docklands, Dublin 2",53.3417,-6.2368,Dublin,Ireland,Arts,False,2109,2111,Saturday,20,1,True,18,5.25
DUB202301222108,Contemporary Theatre,Arts event at Bord Gáis Energy Theatre in Dublin,https://example.com/events/DUB202301222108,2023-01-22T00:00:00,2023-01-29T00:00:00,2023-01-22,Bord Gáis Energy Theatre,"Grand Canal Square, Docklands, Dublin 2",53.3417,-6.2368,Dublin,Ireland,Arts,False,1840,2111,Sunday,19,1,True,42,3.15
DUB202301220796,Stand-up Comedy Special,Entertainment event at Olympia Theatre in Dublin,https://example.com/events/DUB202301220796,2023-01-22T00:00:00,2023-01-24T00:00:00,2023-01-22,Olympia Theatre,"72 Dame St, Dublin 2",53.3441,-6.265,Dublin,Ireland,Entertainment,False,541,1650,Sunday,19,1,True,12,3.15
DUB202301249892,DJ Night,Entertainment event at 3Arena in Dublin,https://example.com/events/DUB202301249892,2023-01-24T00:00:00,2023-01-26T00:00:00,2023-01-24,3Arena,"North Wall Quay, Dublin 1",53.3478,-6.2297,Dublin,Ireland,Entertainment,False,11794,13000,Tuesday,19,1,False,12,10.5
DUB202301250890,Theatre Production,Entertainment event at Olympia Theatre in Dublin,https://example.com/events/DUB202301250890,2023-01-25T00:00:00,2023-01-26T00:00:00,2023-01-25,Olympia Theatre,"72 Dame St, Dublin 2",53.3441,-6.265,Dublin,Ireland,Entertainment,False,1260,1650,Wednesday,14,1,False,6,3.0
DUB202301259206,TradFest Temple Bar,Music event at Temple Bar in Dublin,https://example.com/events/DUB202301259206,2023-01-25T00:00:00,2023-01-30T00:00:00,2023-01-25,Temple Bar,"Temple Bar, Dublin 2",53.3455,-6.2636,Dublin,Ireland,Music,True,12000,5000,Wednesday,19,1,False,30,10.5
DUB202301274190,Rock Festival Night,Entertainment event at 3Arena in Dublin,https://example.com/events/DUB202301274190,2023-01-27T00:00:00,2023-01-28T00:00:00,2023-01-27,3Arena,"North Wall Quay, Dublin 1",53.3478,-6.2297,Dublin,Ireland,Entertainment,False,5375,13000,Friday,20,1,False,6,5.0
DUB202301271371,Ballet Performance,Arts event at Bord Gáis Energy Theatre in Dublin,https://example.com/events/DUB202301271371,2023-01-27T00:00:00,2023-01-30T00:00:00,2023-01-27,Bord Gáis Energy Theatre,"Grand Canal Square, Docklands, Dublin 2",53.3417,-6.2368,Dublin,Ireland,Arts,False,1404,2111,Friday,14,1,False,18,4.5
DUB202301280796,Stand-up Comedy Special,Entertainment event at Olympia Theatre in Dublin,https://example.com/events/DUB202301280796,2023-01-28T00:00:00,2023-01-29T00:00:00,2023-01-28,Olympia Theatre,"72 Dame St, Dublin 2",53.3441,-6.265,Dublin,Ireland,Entertainment,False,1287,1650,Saturday,20,1,True,6,2.1
DUB202301285847,Classical Music Concert,Arts event at Bord Gáis Energy Theatre in Dublin,https://example.com/events/DUB202301285847,2023-01-28T00:00:00,2023-02-04T00:00:00,2023-01-28,Bord Gáis Energy Theatre,"Grand Canal Square, Docklands, Dublin 2",53.3417,-6.2368,Dublin,Ireland,Arts,False,937,2111,Saturday,14,1,True,42,3.15
DUB202301282625,Community Festival,Community event at St Stephen's Green in Dublin,https://example.com/events/DUB202301282625,2023-01-28T00:00:00,2023-01-30T00:00:00,2023-01-28,St Stephen's Green,"St Stephen's Green, Dublin 2",53.3376,-6.2597,Dublin,Ireland,Community,True,873,10000,Saturday,14,1,True,12,3.15
DUB202301295483,League of Ireland Football,Sports event at RDS Arena in Dublin,https://example.com/events/DUB202301295483,2023-01-29T00:00:00,2023-01-30T00:00:00,2023-01-29,RDS Arena,"Merrion Rd, Ballsbridge, Dublin 4",53.3256,-6.2305,Dublin,Ireland,Sports,False,15851,8000,Sunday,20,1,True,6,4.9
DUB202301292108,Contemporary Theatre,Arts event at Bord Gáis Energy Theatre in Dublin,https://example.com/events/DUB202301292108,2023-01-29T00:00:00,2023-02-01T00:00:00,2023-01-29,Bord Gáis Energy Theatre,"Grand Canal Square, Docklands, Dublin 2",53.3417,-6.2368,Dublin,Ireland,Arts,False,2007,2111,Sunday,19,1,True,18,5.25
DUB202301310890,Theatre Production,Entertainment event at Olympia Theatre in Dublin,https://example.com/events/DUB202301310890,2023-01-31T00:00:00,2023-02-02T00:00:00,2023-01-31,Olympia Theatre,"72 Dame St, Dublin 2",53.3441,-6.265,Dublin,Ireland,Entertainment,False,713,1650,Tuesday,19,1,False,12,4.5
DUB202302015965,IMBOLC Festival,Cultural event at St Stephen's Green in Dublin,https://example.com/events/DUB202302015965,2023-02-01T00:00:00,2023-02-05T00:00:00,2023-02-01,St Stephen's Green,"St Stephen's Green, Dublin 2",53.3376,-6.2597,Dublin,Ireland,Cultural,True,5000,10000,Wednesday,19,2,False,24,7.5
DUB202302020602,Comedy Show,Entertainment event at 3Arena in Dublin,https://example.com/events/DUB202302020602,2023-02-02T00:00:00,2023-02-04T00:00:00,2023-02-02,3Arena,"North Wall Quay, Dublin 1",53.3478,-6.2297,Dublin,Ireland,Entertainment,False,6332,13000,Thursday,20,2,False,12,7.5
DUB202302034190,Rock Festival Night,Entertainment event at 3Arena in Dublin,https://example.com/events/DUB202302034190,2023-02-03T00:00:00,2023-02-05T00:00:00,2023-02-03,3Arena,"North Wall Quay, Dublin 1",53.3478,-6.2297,Dublin,Ireland,Entertainment,False,10749,13000,Friday,20,2,False,12,10.5
DUB202302034118,Opera Performance,Arts event at Bord Gáis Energy Theatre in Dublin,https://example.com/events/DUB202302034118,2023-02-03T00:00:00,2023-02-10T00:00:00,2023-02-03,Bord Gáis Energy Theatre,"Grand Canal Square, Docklands, Dublin 2",53.3417,-6.2368,Dublin,Ireland,Arts,False,673,2111,Friday,14,2,False,42,4.5
DUB202302030796,Stand-up Comedy Special,Entertainment event at Olympia Theatre in Dublin,https://example.com/events/DUB202302030796,2023-02-03T00:00:00,2023-02-04T00:00:00,2023-02-03,Olympia Theatre,"72 Dame St, Dublin 2",53.3441,-6.265,Dublin,Ireland,Entertainment,False,1468,1650,Friday,14,2,False,6,3.0
DUB202302041371,Ballet Performance,Arts event at Bord Gáis Energy Theatre in Dublin,https://example.com/events/DUB202302041371,2023-02-04T00:00:00,2023-02-11T00:00:00,2023-02-04,Bord Gáis Energy Theatre,"Grand Canal Square, Docklands, Dublin 2",53.3417,-6.2368,Dublin,Ireland,Arts,False,1859,2111,Saturday,19,2,True,42,3.15
DUB202302059968,Ireland v Scotland - Six Nations Rugby,Sports event at Aviva Stadium in Dublin,https://example.com/events/DUB202302059968,2023-02-05T00:00:00,2023-02-06T00:00:00,2023-02-05,Aviva Stadium,"62 Lansdowne Rd, Ballsbridge, Dublin 4",53.3356,-6.2283,Dublin,Ireland,Sports,False,51700,51700,Sunday,14,2,True,6,6.3
DUB202302057194,Irish Dance Show,Arts event at Bord Gáis Energy Theatre in Dublin,https://example.com/events/DUB202302057194,2023-02-05T00:00:00,2023-02-12T00:00:00,2023-02-05,Bord Gáis Energy Theatre,"Grand Canal Square, Docklands, Dublin 2",53.3417,-6.2368,Dublin,Ireland,Arts,False,1186,2111,Sunday,19,2,True,42,3.15
DUB202302050048,GAA National Hurling League,Sports event at Croke Park in Dublin,https://example.com/events/DUB202302050048,2023-02-05T00:00:00,2023-02-06T00:00:00,2023-02-05,Croke Park,"Jones's Rd, Drumcondra, Dublin 3",53.3607,-6.2515,Dublin,Ireland,Sports,False,44915,82300,Sunday,20,2,True,6,6.3
DUB202302060890,Theatre Production,Entertainment event at Olympia Theatre in Dublin,https://example.com/events/DUB202302060890,2023-02-06T00:00:00,2023-02-08T00:00:00,2023-02-06,Olympia Theatre,"72 Dame St, Dublin 2",53.3441,-6.265,Dublin,Ireland,Entertainment,False,1352,1650,Monday,20,2,False,12,4.5
DUB202302076726,Musical Theatre Performance,Entertainment event at 3Arena in Dublin,https://example.com/events/DUB202302076726,2023-02-07T00:00:00,2023-02-08T00:00:00,2023-02-07,3Arena,"North Wall Quay, Dublin 1",53.3478,-6.2297,Dublin,Ireland,Entertainment,False,6338,13000,Tuesday,19,2,False,6,5.0
DUB202302096726,Musical Theatre Performance,Entertainment event at 3Arena in Dublin,https://example.com/events/DUB202302096726,2023-02-09T00:00:00,2023-02-10T00:00:00,2023-02-09,3Arena,"North Wall Quay, Dublin 1",53.3478,-6.2297,Dublin,Ireland,Entertainment,False,10608,13000,Thursday,14,2,False,6,7.0
DUB202302090796,Stand-up Comedy Special,Entertainment event at Olympia Theatre in Dublin,https://example.com/events/DUB202302090796,2023-02-09T00:00:00,2023-02-11T00:00:00,2023-02-09,Olympia Theatre,"72 Dame St, Dublin 2",53.3441,-6.265,Dublin,Ireland,Entertainment,False,1060,1650,Thursday,14,2,False,12,4.5
DUB202302102694,Musical Theatre Show,Arts event at Bord Gáis Energy Theatre in Dublin,https://example.com/events/DUB202302102694,2023-02-10T00:00:00,2023-02-11T00:00:00,2023-02-10,Bord Gáis Energy Theatre,"Grand Canal Square, Docklands, Dublin 2",53.3417,-6.2368,Dublin,Ireland,Arts,False,1877,2111,Friday,19,2,False,6,3.0
DUB202302108401,Classical Concert,Entertainment event at 3Arena in Dublin,https://example.com/events/DUB202302108401,2023-02-10T00:00:00,2023-02-11T00:00:00,2023-02-10,3Arena,"North Wall Quay, Dublin 1",53.3478,-6.2297,Dublin,Ireland,Entertainment,False,6876,13000,Friday,19,2,False,6,5.0
DUB202302111371,Ballet Performance,Arts event at Bord Gáis Energy Theatre in Dublin,https://example.com/events/DUB202302111371,2023-02-11T00:00:00,2023-02-12T00:00:00,2023-02-11,Bord Gáis Energy Theatre,"Grand Canal Square, Docklands, Dublin 2",53.3417,-6.2368,Dublin,Ireland,Arts,False,907,2111,Saturday,19,2,True,6,2.1
DUB202302121353,Business Summit Ireland,Business event at Convention Centre Dublin in Dublin,https://example.com/events/DUB202302121353,2023-02-12T00:00:00,2023-02-14T00:00:00,2023-02-12,Convention Centre Dublin,"Spencer Dock, North Wall Quay, Dublin 1",53.3486,-6.2392,Dublin,Ireland,Business,False,2864,8000,Sunday,19,2,True,12,5.25
DUB202302124118,Opera Performance,Arts event at Bord Gáis Energy Theatre in Dublin,https://example.com/events/DUB202302124118,2023-02-12T00:00:00,2023-02-13T00:00:00,2023-02-12,Bord Gáis Energy Theatre,"Grand Canal Square, Docklands, Dublin 2",53.3417,-6.2368,Dublin,Ireland,Arts,False,594,2111,Sunday,14,2,True,6,2.1
DUB202302123400,Live Music Session,Entertainment event at Olympia Theatre in Dublin,https://example.com/events/DUB202302123400,2023-02-12T00:00:00,2023-02-13T00:00:00,2023-02-12,Olympia Theatre,"72 Dame St, Dublin 2",53.3441,-6.265,Dublin,Ireland,Entertainment,False,971,1650,Sunday,20,2,True,6,2.1
DUB202302149892,DJ Night,Entertainment event at 3Arena in Dublin,https://example.com/events/DUB202302149892,2023-02-14T00:00:00,2023-02-16T00:00:00,2023-02-14,3Arena,"North Wall Quay, Dublin 1",53.3478,-6.2297,Dublin,Ireland,Entertainment,False,6741,13000,Tuesday,20,2,False,12,7.5
DUB202302150796,Stand-up Comedy Special,Entertainment event at Olympia Theatre in Dublin,https://example.com/events/DUB202302150796,2023-02-15T00:00:00,2023-02-16T00:00:00,2023-02-15,Olympia Theatre,"72 Dame St, Dublin 2",53.3441,-6.265,Dublin,Ireland,Entertainment,False,1351,1650,Wednesday,19,2,False,6,3.0
DUB202302166726,Musical Theatre Performance,Entertainment event at 3Arena in Dublin,https://example.com/events/DUB202302166726,2023-02-16T00:00:00,2023-02-18T00:00:00,2023-02-16,3Arena,"North Wall Quay, Dublin 1",53.3478,-6.2297,Dublin,Ireland,Entertainment,False,6170,13000,Thursday,19,2,False,12,7.5
DUB202302174118,Opera Performance,Arts event at Bord Gáis Energy Theatre in Dublin,https://example.com/events/DUB202302174118,2023-02-17T00:00:00,2023-02-20T00:00:00,2023-02-17,Bord Gáis Energy Theatre,"Grand Canal Square, Docklands, Dublin 2",53.3417,-6.2368,Dublin,Ireland,Arts,False,1751,2111,Friday,14,2,False,18,4.5
DUB202302174190,Rock Festival Night,Entertainment event at 3Arena in Dublin,https://example.com/events/DUB202302174190,2023-02-17T00:00:00,2023-02-19T00:00:00,2023-02-17,3Arena,"North Wall Quay, Dublin 1",53.3478,-6.2297,Dublin,Ireland,Entertainment,False,11119,13000,Friday,19,2,False,12,10.5
DUB202302180796,Stand-up Comedy Special,Entertainment event at Olympia Theatre in Dublin,https://example.com/events/DUB202302180796,2023-02-18T00:00:00,2023-02-20T00:00:00,2023-02-18,Olympia Theatre,"72 Dame St, Dublin 2",53.3441,-6.265,Dublin,Ireland,Entertainment,False,458,1650,Saturday,20,2,True,12,1.05
DUB202302182694,Musical Theatre Show,Arts event at Bord Gáis Energy Theatre in Dublin,https://example.com/events/DUB202302182694,2023-02-18T00:00:00,2023-02-21T00:00:00,2023-02-18,Bord Gáis Energy Theatre,"Grand Canal Square, Docklands, Dublin 2",53.3417,-6.2368,Dublin,Ireland,Arts,False,1348,2111,Saturday,20,2,True,18,3.15
DUB202302188632,Temple Bar Food Market,Community event at St Stephen's Green in Dublin,https://example.com/events/DUB202302188632,2023-02-18T00:00:00,2023-02-19T00:00:00,2023-02-18,St Stephen's Green,"St Stephen's Green, Dublin 2",53.3376,-6.2597,Dublin,Ireland,Community,True,2186,10000,Saturday,19,2,True,6,3.5
DUB202302199992,GAA National Football League,Sports event at Croke Park in Dublin,https://example.com/events/DUB202302199992,2023-02-19T00:00:00,2023-02-20T00:00:00,2023-02-19,Croke Park,"Jones's Rd, Drumcondra, Dublin 3",53.3607,-6.2515,Dublin,Ireland,Sports,False,31550,82300,Sunday,19,2,True,6,6.3
DUB202302195483,League of Ireland Football,Sports event at RDS Arena in Dublin,https://example.com/events/DUB202302195483,2023-02-19T00:00:00,2023-02-20T00:00:00,2023-02-19,RDS Arena,"Merrion Rd, Ballsbridge, Dublin 4",53.3256,-6.2305,Dublin,Ireland,Sports,False,21327,8000,Sunday,20,2,True,6,4.9
DUB202302197194,Irish Dance Show,Arts event at Bord Gáis Energy Theatre in Dublin,https://example.com/events/DUB202302197194,2023-02-19T00:00:00,2023-02-26T00:00:00,2023-02-19,Bord Gáis Energy Theatre,"Grand Canal Square, Docklands, Dublin 2",53.3417,-6.2368,Dublin,Ireland,Arts,False,898,2111,Sunday,19,2,True,42,3.15
DUB202302204190,Rock Festival Night,Entertainment event at 3Arena in Dublin,https://example.com/events/DUB202302204190,2023-02-20T00:00:00,2023-02-21T00:00:00,2023-02-20,3Arena,"North Wall Quay, Dublin 1",53.3478,-6.2297,Dublin,Ireland,Entertainment,False,9174,13000,Monday,19,2,False,6,5.0
DUB202302210796,Stand-up Comedy Special,Entertainment event at Olympia Theatre in Dublin,https://example.com/events/DUB202302210796,2023-02-21T00:00:00,2023-02-23T00:00:00,2023-02-21,Olympia Theatre,"72 Dame St, Dublin 2",53.3441,-6.265,Dublin,Ireland,Entertainment,False,772,1650,Tuesday,20,2,False,12,4.5
DUB202302244190,Rock Festival Night,Entertainment event at 3Arena in Dublin,https://example.com/events/DUB202302244190,2023-02-24T00:00:00,2023-02-26T00:00:00,2023-02-24,3Arena,"North Wall Quay, Dublin 1",53.3478,-6.2297,Dublin,Ireland,Entertainment,False,9885,13000,Friday,20,2,False,12,7.5
DUB202302240796,Stand-up Comedy Special,Entertainment event at Olympia Theatre in Dublin,https://example.com/events/DUB202302240796,2023-02-24T00:00:00,2023-02-25T00:00:00,2023-02-24,Olympia Theatre,"72 Dame St, Dublin 2",53.3441,-6.265,Dublin,Ireland,Entertainment,False,1126,1650,Friday,20,2,False,6,3.0
DUB202302247194,Irish Dance Show,Arts event at Bord Gáis Energy Theatre in Dublin,https://example.com/events/DUB202302247194,2023-02-24T00:00:00,2023-03-03T00:00:00,2023-02-24,Bord Gáis Energy Theatre,"Grand Canal Square, Docklands, Dublin 2",53.3417,-6.2368,Dublin,Ireland,Arts,False,1286,2111,Friday,20,2,False,42,4.5
DUB202302250602,Comedy Show,Entertainment event at 3Arena in Dublin,https://example.com/events/DUB202302250602,2023-02-25T00:00:00,2023-02-27T00:00:00,2023-02-25,3Arena,"North Wall Quay, Dublin 1",53.3478,-6.2297,Dublin,Ireland,Entertainment,False,9334,13000,Saturday,20,2,True,12,5.25
DUB202302255847,Classical Music Concert,Arts event at Bord Gáis Energy Theatre in Dublin,https://example.com/events/DUB202302255847,2023-02-25T00:00:00,2023-02-28T00:00:00,2023-02-25,Bord Gáis Energy Theatre,"Grand Canal Square, Docklands, Dublin 2",53.3417,-6.2368,Dublin,Ireland,Arts,False,999,2111,Saturday,20,2,True,18,3.15
DUB202302253929,Ireland v Wales - Six Nations Rugby,Sports event at Aviva Stadium in Dublin,https://example.com/events/DUB202302253929,2023-02-25T00:00:00,2023-02-26T00:00:00,2023-02-25,Aviva Stadium,"62 Lansdowne Rd, Ballsbridge, Dublin 4",53.3356,-6.2283,Dublin,Ireland,Sports,False,51700,51700,Saturday,14,2,True,6,6.3
DUB202302263493,Education Symposium,Business event at Convention Centre Dublin in Dublin,https://example.com/events/DUB202302263493,2023-02-26T00:00:00,2023-03-01T00:00:00,2023-02-26,Convention Centre Dublin,"Spencer Dock, North Wall Quay, Dublin 1",53.3486,-6.2392,Dublin,Ireland,Business,False,2991,8000,Sunday,14,2,True,18,5.25
DUB202302269892,DJ Night,Entertainment event at 3Arena in Dublin,https://example.com/events/DUB202302269892,2023-02-26T00:00:00,2023-02-27T00:00:00,2023-02-26,3Arena,"North Wall Quay, Dublin 1",53.3478,-6.2297,Dublin,Ireland,Entertainment,False,10572,13000,Sunday,19,2,True,6,4.9
DUB202302264118,Opera Performance,Arts event at Bord Gáis Energy Theatre in Dublin,https://example.com/events/DUB202302264118,2023-02-26T00:00:00,2023-03-05T00:00:00,2023-02-26,Bord Gáis Energy Theatre,"Grand Canal Square, Docklands, Dublin 2",53.3417,-6.2368,Dublin,Ireland,Arts,False,1908,2111,Sunday,14,2,True,42,3.15
DUB202302270890,Theatre Production,Entertainment event at Olympia Theatre in Dublin,https://example.com/events/DUB202302270890,2023-02-27T00:00:00,2023-03-01T00:00:00,2023-02-27,Olympia Theatre,"72 Dame St, Dublin 2",53.3441,-6.265,Dublin,Ireland,Entertainment,False,972,1650,Monday,20,2,False,12,4.5
DUB202303020890,Theatre Production,Entertainment event at Olympia Theatre in Dublin,https://example.com/events/DUB202303020890,2023-03-02T00:00:00,2023-03-03T00:00:00,2023-03-02,Olympia Theatre,"72 Dame St, Dublin 2",53.3441,-6.265,Dublin,Ireland,Entertainment,False,1458,1650,Thursday,14,3,False,6,3.0
DUB202303026726,Musical Theatre Performance,Entertainment event at 3Arena in Dublin,https://example.com/events/DUB202303026726,2023-03-02T00:00:00,2023-03-04T00:00:00,2023-03-02,3Arena,"North Wall Quay, Dublin 1",53.3478,-6.2297,Dublin,Ireland,Entertainment,False,5913,13000,Thursday,19,3,False,12,7.5
DUB202303032694,Musical Theatre Show,Arts event at Bord Gáis Energy Theatre in Dublin,https://example.com/events/DUB202303032694,2023-03-03T00:00:00,2023-03-04T00:00:00,2023-03-03,Bord Gáis Energy Theatre,"Grand Canal Square, Docklands, Dublin 2",53.3417,-6.2368,Dublin,Ireland,Arts,False,2094,2111,Friday,14,3,False,6,5.0
DUB202303034190,Rock Festival Night,Entertainment event at 3Arena in Dublin,https://example.com/events/DUB202303034190,2023-03-03T00:00:00,2023-03-05T00:00:00,2023-03-03,3Arena,"North Wall Quay, Dublin 1",53.3478,-6.2297,Dublin,Ireland,Entertainment,False,5026,13000,Friday,19,3,False,12,7.5
DUB202303045847,Classical Music Concert,Arts event at Bord Gáis Energy Theatre in Dublin,https://example.com/events/DUB202303045847,2023-03-04T00:00:00,2023-03-05T00:00:00,2023-03-04,Bord Gáis Energy Theatre,"Grand Canal Square, Docklands, Dublin 2",53.3417,-6.2368,Dublin,Ireland,Arts,False,860,2111,Saturday,14,3,True,6,2.1
DUB202303040410,Farmers Market,Community event at St Stephen's Green in Dublin,https://example.com/events/DUB202303040410,2023-03-04T00:00:00,2023-03-05T00:00:00,2023-03-04,St Stephen's Green,"St Stephen's Green, Dublin 2",53.3376,-6.2597,Dublin,Ireland,Community,True,860,10000,Saturday,19,3,True,6,2.1
DUB202303053400,Live Music Session,Entertainment event at Olympia Theatre in Dublin,https://example.com/events/DUB202303053400,2023-03-05T00:00:00,2023-03-06T00:00:00,2023-03-05,Olympia Theatre,"72 Dame St, Dublin 2",53.3441,-6.265,Dublin,Ireland,Entertainment,False,894,1650,Sunday,20,3,True,6,2.1
DUB202303057194,Irish Dance Show,Arts event at Bord Gáis Energy Theatre in Dublin,https://example.com/events/DUB202303057194,2023-03-05T00:00:00,2023-03-12T00:00:00,2023-03-05,Bord Gáis Energy Theatre,"Grand Canal Square, Docklands, Dublin 2",53.3417,-6.2368,Dublin,Ireland,Arts,False,1451,2111,Sunday,14,3,True,42,3.15
DUB202303053864,Dublin GAA Championship,Sports event at Croke Park in Dublin,https://example.com/events/DUB202303053864,2023-03-05T00:00:00,2023-03-06T00:00:00,2023-03-05,Croke Park,"Jones's Rd, Drumcondra, Dublin 3",53.3607,-6.2515,Dublin,Ireland,Sports,False,42656,82300,Sunday,20,3,True,6,6.3
DUB202303069892,DJ Night,Entertainment event at 3Arena in Dublin,https://example.com/events/DUB202303069892,2023-03-06T00:00:00,2023-03-07T00:00:00,2023-03-06,3Arena,"North Wall Quay, Dublin 1",53.3478,-6.2297,Dublin,Ireland,Entertainment,False,9158,13000,Monday,14,3,False,6,5.0
DUB202303080796,Stand-up Comedy Special,Entertainment event at Olympia Theatre in Dublin,https://example.com/events/DUB202303080796,2023-03-08T00:00:00,2023-03-10T00:00:00,2023-03-08,Olympia Theatre,"72 Dame St, Dublin 2",53.3441,-6.265,Dublin,Ireland,Entertainment,False,1537,1650,Wednesday,14,3,False,12,4.5
DUB202303096726,Musical Theatre Performance,Entertainment event at 3Arena in Dublin,https://example.com/events/DUB202303096726,2023-03-09T00:00:00,2023-03-10T00:00:00,2023-03-09,3Arena,"North Wall Quay, Dublin 1",53.3478,-6.2297,Dublin,Ireland,Entertainment,False,6252,13000,Thursday,20,3,False,6,5.0
DUB202303104190,Rock Festival Night,Entertainment event at 3Arena in Dublin,https://example.com/events/DUB202303104190,2023-03-10T00:00:00,2023-03-11T00:00:00,2023-03-10,3Arena,"North Wall Quay, Dublin 1",53.3478,-6.2297,Dublin,Ireland,Entertainment,False,9906,13000,Friday,14,3,False,6,5.0
DUB202303102694,Musical Theatre Show,Arts event at Bord Gáis Energy Theatre in Dublin,https://example.com/events/DUB202303102694,2023-03-10T00:00:00,2023-03-17T00:00:00,2023-03-10,Bord Gáis Energy Theatre,"Grand Canal Square, Docklands, Dublin 2",53.3417,-6.2368,Dublin,Ireland,Arts,False,1010,2111,Friday,20,3,False,42,4.5
DUB202303111571,Craft Fair,Community event at St Stephen's Green in Dublin,https://example.com/events/DUB202303111571,2023-03-11T00:00:00,2023-03-12T00:00:00,2023-03-11,St Stephen's Green,"St Stephen's Green, Dublin 2",53.3376,-6.2597,Dublin,Ireland,Community,True,2607,10000,Saturday,20,3,True,6,3.5
DUB202303113400,Live Music Session,Entertainment event at Olympia Theatre in Dublin,https://example.com/events/DUB202303113400,2023-03-11T00:00:00,2023-03-13T00:00:00,2023-03-11,Olympia Theatre,"72 Dame St, Dublin 2",53.3441,-6.265,Dublin,Ireland,Entertainment,False,1405,1650,Saturday,20,3,True,12,3.15
DUB202303112694,Musical Theatre Show,Arts event at Bord Gáis Energy Theatre in Dublin,https://example.com/events/DUB202303112694,2023-03-11T00:00:00,2023-03-14T00:00:00,2023-03-11,Bord Gáis Energy Theatre,"Grand Canal Square, Docklands, Dublin 2",53.3417,-6.2368,Dublin,Ireland,Arts,False,773,2111,Saturday,19,3,True,18,3.15
DUB202303112109,International Pop Concert,Entertainment event at 3Arena in Dublin,https://example.com/events/DUB202303112109,2023-03-11T00:00:00,2023-03-12T00:00:00,2023-03-11,3Arena,"North Wall Quay, Dublin 1",53.3478,-6.2297,Dublin,Ireland,Entertainment,False,12611,13000,Saturday,20,3,True,6,4.9
DUB202303125847,Classical Music Concert,Arts event at Bord Gáis Energy Theatre in Dublin,https://example.com/events/DUB202303125847,2023-03-12T00:00:00,2023-03-19T00:00:00,2023-03-12,Bord Gáis Energy Theatre,"Grand Canal Square, Docklands, Dublin 2",53.3417,-6.2368,Dublin,Ireland,Arts,False,1587,2111,Sunday,20,3,True,42,3.15
DUB202303128401,Classical Concert,Entertainment event at 3Arena in Dublin,https://example.com/events/DUB202303128401,2023-03-12T00:00:00,2023-03-14T00:00:00,2023-03-12,3Arena,"North Wall Quay, Dublin 1",53.3478,-6.2297,Dublin,Ireland,Entertainment,False,6961,13000,Sunday,19,3,True,12,5.25
DUB202303139892,DJ Night,Entertainment event at 3Arena in Dublin,https://example.com/events/DUB202303139892,2023-03-13T00:00:00,2023-03-14T00:00:00,2023-03-13,3Arena,"North Wall Quay, Dublin 1",53.3478,-6.2297,Dublin,Ireland,Entertainment,False,5701,13000,Monday,14,3,False,6,5.0
DUB202303140796,Stand-up Comedy Special,Entertainment event at Olympia Theatre in Dublin,https://example.com/events/DUB202303140796,2023-03-14T00:00:00,2023-03-15T00:00:00,2023-03-14,Olympia Theatre,"72 Dame St, Dublin 2",53.3441,-6.265,Dublin,Ireland,Entertainment,False,590,1650,Tuesday,20,3,False,6,3.0
DUB202303170890,Theatre Production,Entertainment event at Olympia Theatre in Dublin,https://example.com/events/DUB202303170890,2023-03-17T00:00:00,2023-03-18T00:00:00,2023-03-17,Olympia Theatre,"72 Dame St, Dublin 2",53.3441,-6.265,Dublin,Ireland,Entertainment,False,1228,1650,Friday,14,3,False,6,3.0
DUB202303172845,St Patrick's Festival,Cultural event at Dublin City Centre in Dublin,https://example.com/events/DUB202303172845,2023-03-17T00:00:00,2023-03-21T00:00:00,2023-03-17,Dublin City Centre,"O'Connell Street, Dublin 1",53.3498,-6.2603,Dublin,Ireland,Cultural,True,50000,50000,Friday,19,3,False,24,13.5
DUB202303172108,Contemporary Theatre,Arts event at Bord Gáis Energy Theatre in Dublin,https://example.com/events/DUB202303172108,2023-03-17T00:00:00,2023-03-24T00:00:00,2023-03-17,Bord Gáis Energy Theatre,"Grand Canal Square, Docklands, Dublin 2",53.3417,-6.2368,Dublin,Ireland,Arts,False,1149,2111,Friday,20,3,False,42,4.5
DUB202303185847,Classical Music Concert,Arts event at Bord Gáis Energy Theatre in Dublin,https://example.com/events/DUB202303185847,2023-03-18T00:00:00,2023-03-25T00:00:00,2023-03-18,Bord Gáis Energy Theatre,"Grand Canal Square, Docklands, Dublin 2",53.3417,-6.2368,Dublin,Ireland,Arts,False,1973,2111,Saturday,14,3,True,42,3.15
DUB202303180980,Ireland v England - Six Nations Rugby,Sports event at Aviva Stadium in Dublin,https://example.com/events/DUB202303180980,2023-03-18T00:00:00,2023-03-19T00:00:00,2023-03-18,Aviva Stadium,"62 Lansdowne Rd, Ballsbridge, Dublin 4",53.3356,-6.2283,Dublin,Ireland,Sports,False,51700,51700,Saturday,20,3,True,6,6.3
DUB202303186726,Musical Theatre Performance,Entertainment event at 3Arena in Dublin,https://example.com/events/DUB202303186726,2023-03-18T00:00:00,2023-03-20T00:00:00,2023-03-18,3Arena,"North Wall Quay, Dublin 1",53.3478,-6.2297,Dublin,Ireland,Entertainment,False,12756,13000,Saturday,19,3,True,12,7.35
DUB202303192108,Contemporary Theatre,Arts event at Bord Gáis Energy Theatre in Dublin,https://example.com/events/DUB202303192108,2023-03-19T00:00:00,2023-03-22T00:00:00,2023-03-19,Bord Gáis Energy Theatre,"Grand Canal Square, Docklands, Dublin 2",53.3417,-6.2368,Dublin,Ireland,Arts,False,1622,2111,Sunday,19,3,True,18,3.15
DUB202303190048,GAA National Hurling League,Sports event at Croke Park in Dublin,https://example.com/events/DUB202303190048,2023-03-19T00:00:00,2023-03-20T00:00:00,2023-03-19,Croke Park,"Jones's Rd, Drumcondra, Dublin 3",53.3607,-6.2515,Dublin,Ireland,Sports,False,51512,82300,Sunday,14,3,True,6,6.3
DUB202303203400,Live Music Session,Entertainment event at Olympia Theatre in Dublin,https://example.com/events/DUB202303203400,2023-03-20T00:00:00,2023-03-22T00:00:00,2023-03-20,Olympia Theatre,"72 Dame St, Dublin 2",53.3441,-6.265,Dublin,Ireland,Entertainment,False,1591,1650,Monday,19,3,False,12,4.5
DUB202303208401,Classical Concert,Entertainment event at 3Arena in Dublin,https://example.com/events/DUB202303208401,2023-03-20T00:00:00,2023-03-22T00:00:00,2023-03-20,3Arena,"North Wall Quay, Dublin 1",53.3478,-6.2297,Dublin,Ireland,Entertainment,False,12900,13000,Monday,14,3,False,12,10.5
DUB202303219892,DJ Night,Entertainment event at 3Arena in Dublin,https://example.com/events/DUB202303219892,2023-03-21T00:00:00,2023-03-22T00:00:00,2023-03-21,3Arena,"North Wall Quay, Dublin 1",53.3478,-6.2297,Dublin,Ireland,Entertainment,False,10840,13000,Tuesday,19,3,False,6,7.0
DUB202303226726,Musical Theatre Performance,Entertainment event at 3Arena in Dublin,https://example.com/events/DUB202303226726,2023-03-22T00:00:00,2023-03-24T00:00:00,2023-03-22,3Arena,"North Wall Quay, Dublin 1",53.3478,-6.2297,Dublin,Ireland,Entertainment,False,8588,13000,Wednesday,20,3,False,12,7.5
DUB202303230890,Theatre Production,Entertainment event at Olympia Theatre in Dublin,https://example.com/events/DUB202303230890,2023-03-23T00:00:00,2023-03-25T00:00:00,2023-03-23,Olympia Theatre,"72 Dame St, Dublin 2",53.3441,-6.265,Dublin,Ireland,Entertainment,False,1533,1650,Thursday,19,3,False,12,4.5
DUB202303245847,Classical Music Concert,Arts event at Bord Gáis Energy Theatre in Dublin,https://example.com/events/DUB202303245847,2023-03-24T00:00:00,2023-03-25T00:00:00,2023-03-24,Bord Gáis Energy Theatre,"Grand Canal Square, Docklands, Dublin 2",53.3417,-6.2368,Dublin,Ireland,Arts,False,2023,2111,Friday,20,3,False,6,5.0
DUB202303255847,Classical Music Concert,Arts event at Bord Gáis Energy Theatre in Dublin,https://example.com/events/DUB202303255847,2023-03-25T00:00:00,2023-03-28T00:00:00,2023-03-25,Bord Gáis Energy Theatre,"Grand Canal Square, Docklands, Dublin 2",53.3417,-6.2368,Dublin,Ireland,Arts,False,1030,2111,Saturday,14,3,True,18,3.15
DUB202303252109,International Pop Concert,Entertainment event at 3Arena in Dublin,https://example.com/events/DUB202303252109,2023-03-25T00:00:00,2023-03-27T00:00:00,2023-03-25,3Arena,"North Wall Quay, Dublin 1",53.3478,-6.2297,Dublin,Ireland,Entertainment,False,5172,13000,Saturday,19,3,True,12,5.25
DUB202303252625,Community Festival,Community event at St Stephen's Green in Dublin,https://example.com/events/DUB202303252625,2023-03-25T00:00:00,2023-03-27T00:00:00,2023-03-25,St Stephen's Green,"St Stephen's Green, Dublin 2",53.3376,-6.2597,Dublin,Ireland,Community,True,722,10000,Saturday,20,3,True,12,3.15
DUB202303264118,Opera Performance,Arts event at Bord Gáis Energy Theatre in Dublin,https://example.com/events/DUB202303264118,2023-03-26T00:00:00,2023-04-02T00:00:00,2023-03-26,Bord Gáis Energy Theatre,"Grand Canal Square, Docklands, Dublin 2",53.3417,-6.2368,Dublin,Ireland,Arts,False,1067,2111,Sunday,14,3,True,42,3.15
DUB202303260890,Theatre Production,Entertainment event at Olympia Theatre in Dublin,https://example.com/events/DUB202303260890,2023-03-26T00:00:00,2023-03-28T00:00:00,2023-03-26,Olympia Theatre,"72 Dame St, Dublin 2",53.3441,-6.265,Dublin,Ireland,Entertainment,False,1527,1650,Sunday,14,3,True,12,3.15
DUB202303274190,Rock Festival Night,Entertainment event at 3Arena in Dublin,https://example.com/events/DUB202303274190,2023-03-27T00:00:00,2023-03-28T00:00:00,2023-03-27,3Arena,"North Wall Quay, Dublin 1",53.3478,-6.2297,Dublin,Ireland,Entertainment,False,5581,13000,Monday,20,3,False,6,5.0
DUB202303292109,International Pop Concert,Entertainment event at 3Arena in Dublin,https://example.com/events/DUB202303292109,2023-03-29T00:00:00,2023-03-30T00:00:00,2023-03-29,3Arena,"North Wall Quay, Dublin 1",53.3478,-6.2297,Dublin,Ireland,Entertainment,False,12042,13000,Wednesday,19,3,False,6,7.0
DUB202303290890,Theatre Production,Entertainment event at Olympia Theatre in Dublin,https://example.com/events/DUB202303290890,2023-03-29T00:00:00,2023-03-31T00:00:00,2023-03-29,Olympia Theatre,"72 Dame St, Dublin 2",53.3441,-6.265,Dublin,Ireland,Entertainment,False,1329,1650,Wednesday,20,3,False,12,4.5
DUB202303309892,DJ Night,Entertainment event at 3Arena in Dublin,https://example.com/events/DUB202303309892,2023-03-30T00:00:00,2023-03-31T00:00:00,2023-03-30,3Arena,"North Wall Quay, Dublin 1",53.3478,-6.2297,Dublin,Ireland,Entertainment,False,7281,13000,Thursday,19,3,False,6,5.0
DUB202303312108,Contemporary Theatre,Arts event at Bord Gáis Energy Theatre in Dublin,https://example.com/events/DUB202303312108,2023-03-31T00:00:00,2023-04-03T00:00:00,2023-03-31,Bord Gáis Energy Theatre,"Grand Canal Square, Docklands, Dublin 2",53.3417,-6.2368,Dublin,Ireland,Arts,False,1783,2111,Friday,19,3,False,18,4.5
DUB202304010890,Theatre Production,Entertainment event at Olympia Theatre in Dublin,https://example.com/events/DUB202304010890,2023-04-01T00:00:00,2023-04-03T00:00:00,2023-04-01,Olympia Theatre,"72 Dame St, Dublin 2",53.3441,-6.265,Dublin,Ireland,Entertainment,False,914,1650,Saturday,19,4,True,12,3.15
DUB202304011571,Craft Fair,Community event at St Stephen's Green in Dublin,https://example.com/events/DUB202304011571,2023-04-01T00:00:00,2023-04-03T00:00:00,2023-04-01,St Stephen's Green,"St Stephen's Green, Dublin 2",53.3376,-6.2597,Dublin,Ireland,Community,True,711,10000,Saturday,20,4,True,12,3.15
DUB202304014190,Rock Festival Night,Entertainment event at 3Arena in Dublin,https://example.com/events/DUB202304014190,2023-04-01T00:00:00,2023-04-03T00:00:00,2023-04-01,3Arena,"North Wall Quay, Dublin 1",53.3478,-6.2297,Dublin,Ireland,Entertainment,False,6990,13000,Saturday,20,4,True,12,5.25
DUB202304014118,Opera Performance,Arts event at Bord Gáis Energy Theatre in Dublin,https://example.com/events/DUB202304014118,2023-04-01T00:00:00,2023-04-04T00:00:00,2023-04-01,Bord Gáis Energy Theatre,"Grand Canal Square, Docklands, Dublin 2",53.3417,-6.2368,Dublin,Ireland,Arts,False,1400,2111,Saturday,20,4,True,18,3.15
DUB202304020048,GAA National Hurling League,Sports event at Croke Park in Dublin,https://example.com/events/DUB202304020048,2023-04-02T00:00:00,2023-04-03T00:00:00,2023-04-02,Croke Park,"Jones's Rd, Drumcondra, Dublin 3",53.3607,-6.2515,Dublin,Ireland,Sports,False,34549,82300,Sunday,20,4,True,6,6.3
DUB202304022694,Musical Theatre Show,Arts event at Bord Gáis Energy Theatre in Dublin,https://example.com/events/DUB202304022694,2023-04-02T00:00:00,2023-04-09T00:00:00,2023-04-02,Bord Gáis Energy Theatre,"Grand Canal Square, Docklands, Dublin 2",53.3417,-6.2368,Dublin,Ireland,Arts,False,1085,2111,Sunday,19,4,True,42,3.15
DUB202304042109,International Pop Concert,Entertainment event at 3Arena in Dublin,https://example.com/events/DUB202304042109,2023-04-04T00:00:00,2023-04-06T00:00:00,2023-04-04,3Arena,"North Wall Quay, Dublin 1",53.3478,-6.2297,Dublin,Ireland,Entertainment,False,7902,13000,Tuesday,20,4,False,12,7.5
DUB202304043400,Live Music Session,Entertainment event at Olympia Theatre in Dublin,https://example.com/events/DUB202304043400,2023-04-04T00:00:00,2023-04-05T00:00:00,2023-04-04,Olympia Theatre,"72 Dame St, Dublin 2",53.3441,-6.265,Dublin,Ireland,Entertainment,False,794,1650,Tuesday,20,4,False,6,3.0
DUB202304070890,Theatre Production,Entertainment event at Olympia Theatre in Dublin,https://example.com/events/DUB202304070890,2023-04-07T00:00:00,2023-04-08T00:00:00,2023-04-07,Olympia Theatre,"72 Dame St, Dublin 2",53.3441,-6.265,Dublin,Ireland,Entertainment,False,1497,1650,Friday,14,4,False,6,3.0
DUB202304074118,Opera Performance,Arts event at Bord Gáis Energy Theatre in Dublin,https://example.com/events/DUB202304074118,2023-04-07T00:00:00,2023-04-10T00:00:00,2023-04-07,Bord Gáis Energy Theatre,"Grand Canal Square, Docklands, Dublin 2",53.3417,-6.2368,Dublin,Ireland,Arts,False,1187,2111,Friday,19,4,False,18,4.5
DUB202304081371,Ballet Performance,Arts event at Bord Gáis Energy Theatre in Dublin,https://example.com/events/DUB202304081371,2023-04-08T00:00:00,2023-04-15T00:00:00,2023-04-08,Bord Gáis Energy Theatre,"Grand Canal Square, Docklands, Dublin 2",53.3417,-6.2368,Dublin,Ireland,Arts,False,665,2111,Saturday,19,4,True,42,3.15
DUB202304082625,Community Festival,Community event at St Stephen's Green in Dublin,https://example.com/events/DUB202304082625,2023-04-08T00:00:00,2023-04-09T00:00:00,2023-04-08,St Stephen's Green,"St Stephen's Green, Dublin 2",53.3376,-6.2597,Dublin,Ireland,Community,True,2294,10000,Saturday,19,4,True,6,3.5
DUB202304095483,League of Ireland Football,Sports event at RDS Arena in Dublin,https://example.com/events/DUB202304095483,2023-04-09T00:00:00,2023-04-10T00:00:00,2023-04-09,RDS Arena,"Merrion Rd, Ballsbridge, Dublin 4",53.3256,-6.2305,Dublin,Ireland,Sports,False,10055,8000,Sunday,19,4,True,6,4.9
DUB202304094118,Opera Performance,Arts event at Bord Gáis Energy Theatre in Dublin,https://example.com/events/DUB202304094118,2023-04-09T00:00:00,2023-04-10T00:00:00,2023-04-09,Bord Gáis Energy Theatre,"Grand Canal Square, Docklands, Dublin 2",53.3417,-6.2368,Dublin,Ireland,Arts,False,973,2111,Sunday,20,4,True,6,2.1
DUB202304093493,Education Symposium,Business event at Convention Centre Dublin in Dublin,https://example.com/events/DUB202304093493,2023-04-09T00:00:00,2023-04-11T00:00:00,2023-04-09,Convention Centre Dublin,"Spencer Dock, North Wall Quay, Dublin 1",53.3486,-6.2392,Dublin,Ireland,Business,False,1158,8000,Sunday,19,4,True,12,3.15
DUB202304103400,Live Music Session,Entertainment event at Olympia Theatre in Dublin,https://example.com/events/DUB202304103400,2023-04-10T00:00:00,2023-04-11T00:00:00,2023-04-10,Olympia Theatre,"72 Dame St, Dublin 2",53.3441,-6.265,Dublin,Ireland,Entertainment,False,843,1650,Monday,14,4,False,6,3.0
DUB202304100602,Comedy Show,Entertainment event at 3Arena in Dublin,https://example.com/events/DUB202304100602,2023-04-10T00:00:00,2023-04-12T00:00:00,2023-04-10,3Arena,"North Wall Quay, Dublin 1",53.3478,-6.2297,Dublin,Ireland,Entertainment,False,11558,13000,Monday,14,4,False,12,10.5
DUB202304124190,Rock Festival Night,Entertainment event at 3Arena in Dublin,https://example.com/events/DUB202304124190,2023-04-12T00:00:00,2023-04-14T00:00:00,2023-04-12,3Arena,"North Wall Quay, Dublin 1",53.3478,-6.2297,Dublin,Ireland,Entertainment,False,6148,13000,Wednesday,19,4,False,12,7.5
DUB202304130796,Stand-up Comedy Special,Entertainment event at Olympia Theatre in Dublin,https://example.com/events/DUB202304130796,2023-04-13T00:00:00,2023-04-15T00:00:00,2023-04-13,Olympia Theatre,"72 Dame St, Dublin 2",53.3441,-6.265,Dublin,Ireland,Entertainment,False,1607,1650,Thursday,19,4,False,12,4.5
DUB202304144190,Rock Festival Night,Entertainment event at 3Arena in Dublin,https://example.com/events/DUB202304144190,2023-04-14T00:00:00,2023-04-15T00:00:00,2023-04-14,3Arena,"North Wall Quay, Dublin 1",53.3478,-6.2297,Dublin,Ireland,Entertainment,False,8630,13000,Friday,14,4,False,6,5.0
DUB202304145847,Classical Music Concert,Arts event at Bord Gáis Energy Theatre in Dublin,https://example.com/events/DUB202304145847,2023-04-14T00:00:00,2023-04-21T00:00:00,2023-04-14,Bord Gáis Energy Theatre,"Grand Canal Square, Docklands, Dublin 2",53.3417,-6.2368,Dublin,Ireland,Arts,False,812,2111,Friday,14,4,False,42,4.5
DUB202304157194,Irish Dance Show,Arts event at Bord Gáis Energy Theatre in Dublin,https://example.com/events/DUB202304157194,2023-04-15T00:00:00,2023-04-16T00:00:00,2023-04-15,Bord Gáis Energy Theatre,"Grand Canal Square, Docklands, Dublin 2",53.3417,-6.2368,Dublin,Ireland,Arts,False,631,2111,Saturday,19,4,True,6,2.1
DUB202304160048,GAA National Hurling League,Sports event at Croke Park in Dublin,https://example.com/events/DUB202304160048,2023-04-16T00:00:00,2023-04-17T00:00:00,2023-04-16,Croke Park,"Jones's Rd, Drumcondra, Dublin 3",53.3607,-6.2515,Dublin,Ireland,Sports,False,53012,82300,Sunday,14,4,True,6,6.3
DUB202304165847,Classical Music Concert,Arts event at Bord Gáis Energy Theatre in Dublin,https://example.com/events/DUB202304165847,2023-04-16T00:00:00,2023-04-19T00:00:00,2023-04-16,Bord Gáis Energy Theatre,"Grand Canal Square, Docklands, Dublin 2",53.3417,-6.2368,Dublin,Ireland,Arts,False,1177,2111,Sunday,19,4,True,18,3.15
DUB202304160890,Theatre Production,Entertainment event at Olympia Theatre in Dublin,https://example.com/events/DUB202304160890,2023-04-16T00:00:00,2023-04-17T00:00:00,2023-04-16,Olympia Theatre,"72 Dame St, Dublin 2",53.3441,-6.265,Dublin,Ireland,Entertainment,False,797,1650,Sunday,19,4,True,6,2.1
DUB202304176726,Musical Theatre Performance,Entertainment event at 3Arena in Dublin,https://example.com/events/DUB202304176726,2023-04-17T00:00:00,2023-04-18T00:00:00,2023-04-17,3Arena,"North Wall Quay, Dublin 1",53.3478,-6.2297,Dublin,Ireland,Entertainment,False,12938,13000,Monday,14,4,False,6,7.0
DUB202304188401,Classical Concert,Entertainment event at 3Arena in Dublin,https://example.com/events/DUB202304188401,2023-04-18T00:00:00,2023-04-19T00:00:00,2023-04-18,3Arena,"North Wall Quay, Dublin 1",53.3478,-6.2297,Dublin,Ireland,Entertainment,False,6362,13000,Tuesday,20,4,False,6,5.0
DUB202304190890,Theatre Production,Entertainment event at Olympia Theatre in Dublin,https://example.com/events/DUB202304190890,2023-04-19T00:00:00,2023-04-20T00:00:00,2023-04-19,Olympia Theatre,"72 Dame St, Dublin 2",53.3441,-6.265,Dublin,Ireland,Entertainment,False,1139,1650,Wednesday,20,4,False,6,3.0
DUB202304212108,Contemporary Theatre,Arts event at Bord Gáis Energy Theatre in Dublin,https://example.com/events/DUB202304212108,2023-04-21T00:00:00,2023-04-24T00:00:00,2023-04-21,Bord Gáis Energy Theatre,"Grand Canal Square, Docklands, Dublin 2",53.3417,-6.2368,Dublin,Ireland,Arts,False,1351,2111,Friday,20,4,False,18,4.5
DUB202304222694,Musical Theatre Show,Arts event at Bord Gáis Energy Theatre in Dublin,https://example.com/events/DUB202304222694,2023-04-22T00:00:00,2023-04-23T00:00:00,2023-04-22,Bord Gáis Energy Theatre,"Grand Canal Square, Docklands, Dublin 2",53.3417,-6.2368,Dublin,Ireland,Arts,False,1360,2111,Saturday,20,4,True,6,2.1
DUB202304223400,Live Music Session,Entertainment event at Olympia Theatre in Dublin,https://example.com/events/DUB202304223400,2023-04-22T00:00:00,2023-04-24T00:00:00,2023-04-22,Olympia Theatre,"72 Dame St, Dublin 2",53.3441,-6.265,Dublin,Ireland,Entertainment,False,428,1650,Saturday,19,4,True,12,1.05
DUB202304233493,Education Symposium,Business event at Convention Centre Dublin in Dublin,https://example.com/events/DUB202304233493,2023-04-23T00:00:00,2023-04-26T00:00:00,2023-04-23,Convention Centre Dublin,"Spencer Dock, North Wall Quay, Dublin 1",53.3486,-6.2392,Dublin,Ireland,Business,False,3140,8000,Sunday,14,4,True,18,5.25
DUB202304232109,International Pop Concert,Entertainment event at 3Arena in Dublin,https://example.com/events/DUB202304232109,2023-04-23T00:00:00,2023-04-25T00:00:00,2023-04-23,3Arena,"North Wall Quay, Dublin 1",53.3478,-6.2297,Dublin,Ireland,Entertainment,False,7172,13000,Sunday,20,4,True,12,5.25
DUB202304235847,Classical Music Concert,Arts event at Bord Gáis Energy Theatre in Dublin,https://example.com/events/DUB202304235847,2023-04-23T00:00:00,2023-04-30T00:00:00,2023-04-23,Bord Gáis Energy Theatre,"Grand Canal Square, Docklands, Dublin 2",53.3417,-6.2368,Dublin,Ireland,Arts,False,1924,2111,Sunday,14,4,True,42,3.15
DUB202304253400,Live Music Session,Entertainment event at Olympia Theatre in Dublin,https://example.com/events/DUB202304253400,2023-04-25T00:00:00,2023-04-27T00:00:00,2023-04-25,Olympia Theatre,"72 Dame St, Dublin 2",53.3441,-6.265,Dublin,Ireland,Entertainment,False,493,1650,Tuesday,14,4,False,12,1.5
DUB202304266726,Musical Theatre Performance,Entertainment event at 3Arena in Dublin,https://example.com/events/DUB202304266726,2023-04-26T00:00:00,2023-04-28T00:00:00,2023-04-26,3Arena,"North Wall Quay, Dublin 1",53.3478,-6.2297,Dublin,Ireland,Entertainment,False,6268,13000,Wednesday,19,4,False,12,7.5
DUB202304274190,Rock Festival Night,Entertainment event at 3Arena in Dublin,https://example.com/events/DUB202304274190,2023-04-27T00:00:00,2023-04-28T00:00:00,2023-04-27,3Arena,"North Wall Quay, Dublin 1",53.3478,-6.2297,Dublin,Ireland,Entertainment,False,9744,13000,Thursday,14,4,False,6,5.0
DUB202304282694,Musical Theatre Show,Arts event at Bord Gáis Energy Theatre in Dublin,https://example.com/events/DUB202304282694,2023-04-28T00:00:00,2023-05-05T00:00:00,2023-04-28,Bord Gáis Energy Theatre,"Grand Canal Square, Docklands, Dublin 2",53.3417,-6.2368,Dublin,Ireland,Arts,False,1279,2111,Friday,14,4,False,42,4.5
DUB202304286236,Comedy Night,Entertainment event at Olympia Theatre in Dublin,https://example.com/events/DUB202304286236,2023-04-28T00:00:00,2023-04-30T00:00:00,2023-04-28,Olympia Theatre,"72 Dame St, Dublin 2",53.3441,-6.265,Dublin,Ireland,Entertainment,False,658,1650,Friday,14,4,False,12,4.5
DUB202304295847,Classical Music Concert,Arts event at Bord Gáis Energy Theatre in Dublin,https://example.com/events/DUB202304295847,2023-04-29T00:00:00,2023-04-30T00:00:00,2023-04-29,Bord Gáis Energy Theatre,"Grand Canal Square, Docklands, Dublin 2",53.3417,-6.2368,Dublin,Ireland,Arts,False,1220,2111,Saturday,19,4,True,6,2.1
DUB202304292625,Community Festival,Community event at Temple Bar in Dublin,https://example.com/events/DUB202304292625,2023-04-29T00:00:00,2023-04-30T00:00:00,2023-04-29,Temple Bar,"Temple Bar, Dublin 2",53.3455,-6.2636,Dublin,Ireland,Community,True,1772,5000,Saturday,20,4,True,6,2.1
DUB202304299533,Irish Music Night,Entertainment event at 3Arena in Dublin,https://example.com/events/DUB202304299533,2023-04-29T00:00:00,2023-04-30T00:00:00,2023-04-29,3Arena,"North Wall Quay, Dublin 1",53.3478,-6.2297,Dublin,Ireland,Entertainment,False,5410,13000,Saturday,19,4,True,6,3.5
DUB202304301371,Ballet Performance,Arts event at Bord Gáis Energy Theatre in Dublin,https://example.com/events/DUB202304301371,2023-04-30T00:00:00,2023-05-03T00:00:00,2023-04-30,Bord Gáis Energy Theatre,"Grand Canal Square, Docklands, Dublin 2",53.3417,-6.2368,Dublin,Ireland,Arts,False,1358,2111,Sunday,19,4,True,18,3.15
DUB202304303864,Dublin GAA Championship,Sports event at Croke Park in Dublin,https://example.com/events/DUB202304303864,2023-04-30T00:00:00,2023-05-01T00:00:00,2023-04-30,Croke Park,"Jones's Rd, Drumcondra, Dublin 3",53.3607,-6.2515,Dublin,Ireland,Sports,False,63384,82300,Sunday,14,4,True,6,6.3
DUB202305010796,Stand-up Comedy Special,Entertainment event at Olympia Theatre in Dublin,https://example.com/events/DUB202305010796,2023-05-01T00:00:00,2023-05-02T00:00:00,2023-05-01,Olympia Theatre,"72 Dame St, Dublin 2",53.3441,-6.265,Dublin,Ireland,Entertainment,False,425,1650,Monday,14,5,False,6,1.0
DUB202305039892,DJ Night,Entertainment event at 3Arena in Dublin,https://example.com/events/DUB202305039892,2023-05-03T00:00:00,2023-05-04T00:00:00,2023-05-03,3Arena,"North Wall Quay, Dublin 1",53.3478,-6.2297,Dublin,Ireland,Entertainment,False,11974,13000,Wednesday,14,5,False,6,7.0
DUB202305040890,Theatre Production,Entertainment event at Olympia Theatre in Dublin,https://example.com/events/DUB202305040890,2023-05-04T00:00:00,2023-05-06T00:00:00,2023-05-04,Olympia Theatre,"72 Dame St, Dublin 2",53.3441,-6.265,Dublin,Ireland,Entertainment,False,1380,1650,Thursday,20,5,False,12,4.5
DUB202305049892,DJ Night,Entertainment event at 3Arena in Dublin,https://example.com/events/DUB202305049892,2023-05-04T00:00:00,2023-05-05T00:00:00,2023-05-04,3Arena,"North Wall Quay, Dublin 1",53.3478,-6.2297,Dublin,Ireland,Entertainment,False,10531,13000,Thursday,20,5,False,6,7.0
DUB202305052108,Contemporary Theatre,Arts event at Bord Gáis Energy Theatre in Dublin,https://example.com/events/DUB202305052108,2023-05-05T00:00:00,2023-05-12T00:00:00,2023-05-05,Bord Gáis Energy Theatre,"Grand Canal Square, Docklands, Dublin 2",53.3417,-6.2368,Dublin,Ireland,Arts,False,2004,2111,Friday,20,5,False,42,7.5
DUB202305062108,Contemporary Theatre,Arts event at Bord Gáis Energy Theatre in Dublin,https://example.com/events/DUB202305062108,2023-05-06T00:00:00,2023-05-13T00:00:00,2023-05-06,Bord Gáis Energy Theatre,"Grand Canal Square, Docklands, Dublin 2",53.3417,-6.2368,Dublin,Ireland,Arts,False,951,2111,Saturday,19,5,True,42,3.15
DUB202305070796,Stand-up Comedy Special,Entertainment event at Olympia Theatre in Dublin,https://example.com/events/DUB202305070796,2023-05-07T00:00:00,2023-05-09T00:00:00,2023-05-07,Olympia Theatre,"72 Dame St, Dublin 2",53.3441,-6.265,Dublin,Ireland,Entertainment,False,777,1650,Sunday,19,5,True,12,3.15
DUB202305075847,Classical Music Concert,Arts event at Bord Gáis Energy Theatre in Dublin,https://example.com/events/DUB202305075847,2023-05-07T00:00:00,2023-05-08T00:00:00,2023-05-07,Bord Gáis Energy Theatre,"Grand Canal Square, Docklands, Dublin 2",53.3417,-6.2368,Dublin,Ireland,Arts,False,1058,2111,Sunday,20,5,True,6,2.1
DUB202305094483,Dublin Dance Festival,Arts event at Temple Bar in Dublin,https://example.com/events/DUB202305094483,2023-05-09T00:00:00,2023-05-19T00:00:00,2023-05-09,Temple Bar,"Temple Bar, Dublin 2",53.3455,-6.2636,Dublin,Ireland,Arts,False,8000,5000,Tuesday,20,5,False,60,7.5
DUB202305106236,Comedy Night,Entertainment event at Olympia Theatre in Dublin,https://example.com/events/DUB202305106236,2023-05-10T00:00:00,2023-05-12T00:00:00,2023-05-10,Olympia Theatre,"72 Dame St, Dublin 2",53.3441,-6.265,Dublin,Ireland,Entertainment,False,1378,1650,Wednesday,20,5,False,12,4.5
DUB202305102109,International Pop Concert,Entertainment event at 3Arena in Dublin,https://example.com/events/DUB202305102109,2023-05-10T00:00:00,2023-05-12T00:00:00,2023-05-10,3Arena,"North Wall Quay, Dublin 1",53.3478,-6.2297,Dublin,Ireland,Entertainment,False,10385,13000,Wednesday,19,5,False,12,10.5
DUB202305125847,Classical Music Concert,Arts event at Bord Gáis Energy Theatre in Dublin,https://example.com/events/DUB202305125847,2023-05-12T00:00:00,2023-05-15T00:00:00,2023-05-12,Bord Gáis Energy Theatre,"Grand Canal Square, Docklands, Dublin 2",53.3417,-6.2368,Dublin,Ireland,Arts,False,559,2111,Friday,19,5,False,18,4.5
DUB202305135847,Classical Music Concert,Arts event at Bord Gáis Energy Theatre in Dublin,https://example.com/events/DUB202305135847,2023-05-13T00:00:00,2023-05-16T00:00:00,2023-05-13,Bord Gáis Energy Theatre,"Grand Canal Square, Docklands, Dublin 2",53.3417,-6.2368,Dublin,Ireland,Arts,False,1869,2111,Saturday,20,5,True,18,3.15
DUB202305136236,Comedy Night,Entertainment event at Olympia Theatre in Dublin,https://example.com/events/DUB202305136236,2023-05-13T00:00:00,2023-05-14T00:00:00,2023-05-13,Olympia Theatre,"72 Dame St, Dublin 2",53.3441,-6.265,Dublin,Ireland,Entertainment,False,1220,1650,Saturday,20,5,True,6,2.1
DUB202305147194,Irish Dance Show,Arts event at Bord Gáis Energy Theatre in Dublin,https://example.com/events/DUB202305147194,2023-05-14T00:00:00,2023-05-17T00:00:00,2023-05-14,Bord Gáis Energy Theatre,"Grand Canal Square, Docklands, Dublin 2",53.3417,-6.2368,Dublin,Ireland,Arts,False,1983,2111,Sunday,19,5,True,18,3.15
DUB202305146726,Musical Theatre Performance,Entertainment event at 3Arena in Dublin,https://example.com/events/DUB202305146726,2023-05-14T00:00:00,2023-05-16T00:00:00,2023-05-14,3Arena,"North Wall Quay, Dublin 1",53.3478,-6.2297,Dublin,Ireland,Entertainment,False,6955,13000,Sunday,14,5,True,12,5.25
DUB202305154190,Rock Festival Night,Entertainment event at 3Arena in Dublin,https://example.com/events/DUB202305154190,2023-05-15T00:00:00,2023-05-17T00:00:00,2023-05-15,3Arena,"North Wall Quay, Dublin 1",53.3478,-6.2297,Dublin,Ireland,Entertainment,False,8745,13000,Monday,20,5,False,12,7.5
DUB202305168401,Classical Concert,Entertainment event at 3Arena in Dublin,https://example.com/events/DUB202305168401,2023-05-16T00:00:00,2023-05-17T00:00:00,2023-05-16,3Arena,"North Wall Quay, Dublin 1",53.3478,-6.2297,Dublin,Ireland,Entertainment,False,5076,13000,Tuesday,14,5,False,6,5.0
DUB202305160796,Stand-up Comedy Special,Entertainment event at Olympia Theatre in Dublin,https://example.com/events/DUB202305160796,2023-05-16T00:00:00,2023-05-17T00:00:00,2023-05-16,Olympia Theatre,"72 Dame St, Dublin 2",53.3441,-6.265,Dublin,Ireland,Entertainment,False,1581,1650,Tuesday,19,5,False,6,3.0
DUB202305196236,Comedy Night,Entertainment event at Olympia Theatre in Dublin,https://example.com/events/DUB202305196236,2023-05-19T00:00:00,2023-05-20T00:00:00,2023-05-19,Olympia Theatre,"72 Dame St, Dublin 2",53.3441,-6.265,Dublin,Ireland,Entertainment,False,705,1650,Friday,14,5,False,6,3.0
DUB202305194118,Opera Performance,Arts event at Bord Gáis Energy Theatre in Dublin,https://example.com/events/DUB202305194118,2023-05-19T00:00:00,2023-05-22T00:00:00,2023-05-19,Bord Gáis Energy Theatre,"Grand Canal Square, Docklands, Dublin 2",53.3417,-6.2368,Dublin,Ireland,Arts,False,761,2111,Friday,19,5,False,18,4.5
DUB202305204190,Rock Festival Night,Entertainment event at 3Arena in Dublin,https://example.com/events/DUB202305204190,2023-05-20T00:00:00,2023-05-22T00:00:00,2023-05-20,3Arena,"North Wall Quay, Dublin 1",53.3478,-6.2297,Dublin,Ireland,Entertainment,False,6085,13000,Saturday,19,5,True,12,5.25
DUB202305202108,Contemporary Theatre,Arts event at Bord Gáis Energy Theatre in Dublin,https://example.com/events/DUB202305202108,2023-05-20T00:00:00,2023-05-27T00:00:00,2023-05-20,Bord Gáis Energy Theatre,"Grand Canal Square, Docklands, Dublin 2",53.3417,-6.2368,Dublin,Ireland,Arts,False,555,2111,Saturday,19,5,True,42,3.15
DUB202305208632,Temple Bar Food Market,Community event at Temple Bar in Dublin,https://example.com/events/DUB202305208632,2023-05-20T00:00:00,2023-05-22T00:00:00,2023-05-20,Temple Bar,"Temple Bar, Dublin 2",53.3455,-6.2636,Dublin,Ireland,Community,True,1130,5000,Saturday,19,5,True,12,3.15
DUB202305211353,Business Summit Ireland,Business event at Convention Centre Dublin in Dublin,https://example.com/events/DUB202305211353,2023-05-21T00:00:00,2023-05-24T00:00:00,2023-05-21,Convention Centre Dublin,"Spencer Dock, North Wall Quay, Dublin 1",53.3486,-6.2392,Dublin,Ireland,Business,False,669,8000,Sunday,19,5,True,18,3.15
DUB202305215483,League of Ireland Football,Sports event at RDS Arena in Dublin,https://example.com/events/DUB202305215483,2023-05-21T00:00:00,2023-05-22T00:00:00,2023-05-21,RDS Arena,"Merrion Rd, Ballsbridge, Dublin 4",53.3256,-6.2305,Dublin,Ireland,Sports,False,12292,8000,Sunday,14,5,True,6,4.9
DUB202305215847,Classical Music Concert,Arts event at Bord Gáis Energy Theatre in Dublin,https://example.com/events/DUB202305215847,2023-05-21T00:00:00,2023-05-28T00:00:00,2023-05-21,Bord Gáis Energy Theatre,"Grand Canal Square, Docklands, Dublin 2",53.3417,-6.2368,Dublin,Ireland,Arts,False,1655,2111,Sunday,14,5,True,42,3.15
DUB202305220890,Theatre Production,Entertainment event at Olympia Theatre in Dublin,https://example.com/events/DUB202305220890,2023-05-22T00:00:00,2023-05-23T00:00:00,2023-05-22,Olympia Theatre,"72 Dame St, Dublin 2",53.3441,-6.265,Dublin,Ireland,Entertainment,False,908,1650,Monday,19,5,False,6,3.0
DUB202305244190,Rock Festival Night,Entertainment event at 3Arena in Dublin,https://example.com/events/DUB202305244190,2023-05-24T00:00:00,2023-05-26T00:00:00,2023-05-24,3Arena,"North Wall Quay, Dublin 1",53.3478,-6.2297,Dublin,Ireland,Entertainment,False,11830,13000,Wednesday,20,5,False,12,10.5
DUB202305256236,Comedy Night,Entertainment event at Olympia Theatre in Dublin,https://example.com/events/DUB202305256236,2023-05-25T00:00:00,2023-05-27T00:00:00,2023-05-25,Olympia Theatre,"72 Dame St, Dublin 2",53.3441,-6.265,Dublin,Ireland,Entertainment,False,1641,1650,Thursday,19,5,False,12,4.5
DUB202305268401,Classical Concert,Entertainment event at 3Arena in Dublin,https://example.com/events/DUB202305268401,2023-05-26T00:00:00,2023-05-27T00:00:00,2023-05-26,3Arena,"North Wall Quay, Dublin 1",53.3478,-6.2297,Dublin,Ireland,Entertainment,False,10471,13000,Friday,14,5,False,6,7.0
DUB202305267194,Irish Dance Show,Arts event at Bord Gáis Energy Theatre in Dublin,https://example.com/events/DUB202305267194,2023-05-26T00:00:00,2023-05-27T00:00:00,2023-05-26,Bord Gáis Energy Theatre,"Grand Canal Square, Docklands, Dublin 2",53.3417,-6.2368,Dublin,Ireland,Arts,False,671,2111,Friday,19,5,False,6,3.0
DUB202305277194,Irish Dance Show,Arts event at Bord Gáis Energy Theatre in Dublin,https://example.com/events/DUB202305277194,2023-05-27T00:00:00,2023-05-30T00:00:00,2023-05-27,Bord Gáis Energy Theatre,"Grand Canal Square, Docklands, Dublin 2",53.3417,-6.2368,Dublin,Ireland,Arts,False,777,2111,Saturday,19,5,True,18,3.15
DUB202305286726,Musical Theatre Performance,Entertainment event at 3Arena in Dublin,https://example.com/events/DUB202305286726,2023-05-28T00:00:00,2023-05-29T00:00:00,2023-05-28,3Arena,"North Wall Quay, Dublin 1",53.3478,-6.2297,Dublin,Ireland,Entertainment,False,12691,13000,Sunday,14,5,True,6,4.9
DUB202305283400,Live Music Session,Entertainment event at Olympia Theatre in Dublin,https://example.com/events/DUB202305283400,2023-05-28T00:00:00,2023-05-30T00:00:00,2023-05-28,Olympia Theatre,"72 Dame St, Dublin 2",53.3441,-6.265,Dublin,Ireland,Entertainment,False,1322,1650,Sunday,19,5,True,12,3.15
DUB202305285847,Classical Music Concert,Arts event at Bord Gáis Energy Theatre in Dublin,https://example.com/events/DUB202305285847,2023-05-28T00:00:00,2023-05-29T00:00:00,2023-05-28,Bord Gáis Energy Theatre,"Grand Canal Square, Docklands, Dublin 2",53.3417,-6.2368,Dublin,Ireland,Arts,False,602,2111,Sunday,14,5,True,6,2.1
DUB202305302109,International Pop Concert,Entertainment event at 3Arena in Dublin,https://example.com/events/DUB202305302109,2023-05-30T00:00:00,2023-05-31T00:00:00,2023-05-30,3Arena,"North Wall Quay, Dublin 1",53.3478,-6.2297,Dublin,Ireland,Entertainment,False,7231,13000,Tuesday,19,5,False,6,5.0
DUB202305314190,Rock Festival Night,Entertainment event at 3Arena in Dublin,https://example.com/events/DUB202305314190,2023-05-31T00:00:00,2023-06-02T00:00:00,2023-05-31,3Arena,"North Wall Quay, Dublin 1",53.3478,-6.2297,Dublin,Ireland,Entertainment,False,6667,13000,Wednesday,19,5,False,12,7.5
DUB202305310796,Stand-up Comedy Special,Entertainment event at Olympia Theatre in Dublin,https://example.com/events/DUB202305310796,2023-05-31T00:00:00,2023-06-02T00:00:00,2023-05-31,Olympia Theatre,"72 Dame St, Dublin 2",53.3441,-6.265,Dublin,Ireland,Entertainment,False,1605,1650,Wednesday,20,5,False,12,4.5
DUB202306021371,Ballet Performance,Arts event at Bord Gáis Energy Theatre in Dublin,https://example.com/events/DUB202306021371,2023-06-02T00:00:00,2023-06-05T00:00:00,2023-06-02,Bord Gáis Energy Theatre,"Grand Canal Square, Docklands, Dublin 2",53.3417,-6.2368,Dublin,Ireland,Arts,False,1170,2111,Friday,14,6,False,18,4.5
DUB202306034118,Opera Performance,Arts event at Bord Gáis Energy Theatre in Dublin,https://example.com/events/DUB202306034118,2023-06-03T00:00:00,2023-06-06T00:00:00,2023-06-03,Bord Gáis Energy Theatre,"Grand Canal Square, Docklands, Dublin 2",53.3417,-6.2368,Dublin,Ireland,Arts,False,1169,2111,Saturday,19,6,True,18,3.15
DUB202306030796,Stand-up Comedy Special,Entertainment event at Olympia Theatre in Dublin,https://example.com/events/DUB202306030796,2023-06-03T00:00:00,2023-06-05T00:00:00,2023-06-03,Olympia Theatre,"72 Dame St, Dublin 2",53.3441,-6.265,Dublin,Ireland,Entertainment,False,1564,1650,Saturday,19,6,True,12,3.15
DUB202306048401,Classical Concert,Entertainment event at 3Arena in Dublin,https://example.com/events/DUB202306048401,2023-06-04T00:00:00,2023-06-05T00:00:00,2023-06-04,3Arena,"North Wall Quay, Dublin 1",53.3478,-6.2297,Dublin,Ireland,Entertainment,False,5756,13000,Sunday,19,6,True,6,3.5
DUB202306045756,Women's Mini Marathon,Sports event at Dublin City Centre in Dublin,https://example.com/events/DUB202306045756,2023-06-04T00:00:00,2023-06-05T00:00:00,2023-06-04,Dublin City Centre,"O'Connell Street, Dublin 1",53.3498,-6.2603,Dublin,Ireland,Sports,False,30000,50000,Sunday,14,6,True,6,6.3
DUB202306041371,Ballet Performance,Arts event at Bord Gáis Energy Theatre in Dublin,https://example.com/events/DUB202306041371,2023-06-04T00:00:00,2023-06-07T00:00:00,2023-06-04,Bord Gáis Energy Theatre,"Grand Canal Square, Docklands, Dublin 2",53.3417,-6.2368,Dublin,Ireland,Arts,False,1069,2111,Sunday,20,6,True,18,3.15
DUB202306066236,Comedy Night,Entertainment event at Olympia Theatre in Dublin,https://example.com/events/DUB202306066236,2023-06-06T00:00:00,2023-06-07T00:00:00,2023-06-06,Olympia Theatre,"72 Dame St, Dublin 2",53.3441,-6.265,Dublin,Ireland,Entertainment,False,825,1650,Tuesday,14,6,False,6,3.0
DUB202306079533,Irish Music Night,Entertainment event at 3Arena in Dublin,https://example.com/events/DUB202306079533,2023-06-07T00:00:00,2023-06-08T00:00:00,2023-06-07,3Arena,"North Wall Quay, Dublin 1",53.3478,-6.2297,Dublin,Ireland,Entertainment,False,10219,13000,Wednesday,20,6,False,6,7.0
DUB202306090602,Comedy Show,Entertainment event at 3Arena in Dublin,https://example.com/events/DUB202306090602,2023-06-09T00:00:00,2023-06-11T00:00:00,2023-06-09,3Arena,"North Wall Quay, Dublin 1",53.3478,-6.2297,Dublin,Ireland,Entertainment,False,9594,13000,Friday,20,6,False,12,7.5
DUB202306093400,Live Music Session,Entertainment event at Olympia Theatre in Dublin,https://example.com/events/DUB202306093400,2023-06-09T00:00:00,2023-06-11T00:00:00,2023-06-09,Olympia Theatre,"72 Dame St, Dublin 2",53.3441,-6.265,Dublin,Ireland,Entertainment,False,566,1650,Friday,19,6,False,12,4.5
DUB202306095847,Classical Music Concert,Arts event at Bord Gáis Energy Theatre in Dublin,https://example.com/events/DUB202306095847,2023-06-09T00:00:00,2023-06-12T00:00:00,2023-06-09,Bord Gáis Energy Theatre,"Grand Canal Square, Docklands, Dublin 2",53.3417,-6.2368,Dublin,Ireland,Arts,False,667,2111,Friday,19,6,False,18,4.5
DUB202306102109,International Pop Concert,Entertainment event at 3Arena in Dublin,https://example.com/events/DUB202306102109,2023-06-10T00:00:00,2023-06-11T00:00:00,2023-06-10,3Arena,"North Wall Quay, Dublin 1",53.3478,-6.2297,Dublin,Ireland,Entertainment,False,9469,13000,Saturday,19,6,True,6,3.5
DUB202306105847,Classical Music Concert,Arts event at Bord Gáis Energy Theatre in Dublin,https://example.com/events/DUB202306105847,2023-06-10T00:00:00,2023-06-11T00:00:00,2023-06-10,Bord Gáis Energy Theatre,"Grand Canal Square, Docklands, Dublin 2",53.3417,-6.2368,Dublin,Ireland,Arts,False,2034,2111,Saturday,20,6,True,6,3.5
DUB202306112108,Contemporary Theatre,Arts event at Bord Gáis Energy Theatre in Dublin,https://example.com/events/DUB202306112108,2023-06-11T00:00:00,2023-06-12T00:00:00,2023-06-11,Bord Gáis Energy Theatre,"Grand Canal Square, Docklands, Dublin 2",53.3417,-6.2368,Dublin,Ireland,Arts,False,1216,2111,Sunday,19,6,True,6,2.1
DUB202306119533,Irish Music Night,Entertainment event at 3Arena in Dublin,https://example.com/events/DUB202306119533,2023-06-11T00:00:00,2023-06-12T00:00:00,2023-06-11,3Arena,"North Wall Quay, Dublin 1",53.3478,-6.2297,Dublin,Ireland,Entertainment,False,8520,13000,Sunday,20,6,True,6,3.5
DUB202306129533,Irish Music Night,Entertainment event at 3Arena in Dublin,https://example.com/events/DUB202306129533,2023-06-12T00:00:00,2023-06-14T00:00:00,2023-06-12,3Arena,"North Wall Quay, Dublin 1",53.3478,-6.2297,Dublin,Ireland,Entertainment,False,12364,13000,Monday,14,6,False,12,10.5
DUB202306123400,Live Music Session,Entertainment event at Olympia Theatre in Dublin,https://example.com/events/DUB202306123400,2023-06-12T00:00:00,2023-06-13T00:00:00,2023-06-12,Olympia Theatre,"72 Dame St, Dublin 2",53.3441,-6.265,Dublin,Ireland,Entertainment,False,755,1650,Monday,14,6,False,6,3.0
DUB202306155171,Taste of Dublin,Food & Drink event at Phoenix Park in Dublin,https://example.com/events/DUB202306155171,2023-06-15T00:00:00,2023-06-19T00:00:00,2023-06-15,Phoenix Park,"Phoenix Park, Dublin 8",53.3558,-6.3298,Dublin,Ireland,Food & Drink,False,25000,100000,Thursday,20,6,False,24,10.5
DUB202306156236,Comedy Night,Entertainment event at Olympia Theatre in Dublin,https://example.com/events/DUB202306156236,2023-06-15T00:00:00,2023-06-16T00:00:00,2023-06-15,Olympia Theatre,"72 Dame St, Dublin 2",53.3441,-6.265,Dublin,Ireland,Entertainment,False,405,1650,Thursday,14,6,False,6,1.0
DUB202306159533,Irish Music Night,Entertainment event at 3Arena in Dublin,https://example.com/events/DUB202306159533,2023-06-15T00:00:00,2023-06-16T00:00:00,2023-06-15,3Arena,"North Wall Quay, Dublin 1",53.3478,-6.2297,Dublin,Ireland,Entertainment,False,10587,13000,Thursday,19,6,False,6,7.0
DUB202306162109,International Pop Concert,Entertainment event at 3Arena in Dublin,https://example.com/events/DUB202306162109,2023-06-16T00:00:00,2023-06-18T00:00:00,2023-06-16,3Arena,"North Wall Quay, Dublin 1",53.3478,-6.2297,Dublin,Ireland,Entertainment,False,11390,13000,Friday,20,6,False,12,10.5
DUB202306164118,Opera Performance,Arts event at Bord Gáis Energy Theatre in Dublin,https://example.com/events/DUB202306164118,2023-06-16T00:00:00,2023-06-23T00:00:00,2023-06-16,Bord Gáis Energy Theatre,"Grand Canal Square, Docklands, Dublin 2",53.3417,-6.2368,Dublin,Ireland,Arts,False,640,2111,Friday,20,6,False,42,4.5
DUB202306170410,Farmers Market,Community event at Temple Bar in Dublin,https://example.com/events/DUB202306170410,2023-06-17T00:00:00,2023-06-19T00:00:00,2023-06-17,Temple Bar,"Temple Bar, Dublin 2",53.3455,-6.2636,Dublin,Ireland,Community,True,2370,5000,Saturday,20,6,True,12,5.25
DUB202306177194,Irish Dance Show,Arts event at Bord Gáis Energy Theatre in Dublin,https://example.com/events/DUB202306177194,2023-06-17T00:00:00,2023-06-18T00:00:00,2023-06-17,Bord Gáis Energy Theatre,"Grand Canal Square, Docklands, Dublin 2",53.3417,-6.2368,Dublin,Ireland,Arts,False,2044,2111,Saturday,19,6,True,6,3.5
DUB202306180796,Stand-up Comedy Special,Entertainment event at Olympia Theatre in Dublin,https://example.com/events/DUB202306180796,2023-06-18T00:00:00,2023-06-20T00:00:00,2023-06-18,Olympia Theatre,"72 Dame St, Dublin 2",53.3441,-6.265,Dublin,Ireland,Entertainment,False,1616,1650,Sunday,14,6,True,12,3.15
DUB202306182694,Musical Theatre Show,Arts event at Bord Gáis Energy Theatre in Dublin,https://example.com/events/DUB202306182694,2023-06-18T00:00:00,2023-06-19T00:00:00,2023-06-18,Bord Gáis Energy Theatre,"Grand Canal Square, Docklands, Dublin 2",53.3417,-6.2368,Dublin,Ireland,Arts,False,908,2111,Sunday,14,6,True,6,2.1
DUB202306210796,Stand-up Comedy Special,Entertainment event at Olympia Theatre in Dublin,https://example.com/events/DUB202306210796,2023-06-21T00:00:00,2023-06-23T00:00:00,2023-06-21,Olympia Theatre,"72 Dame St, Dublin 2",53.3441,-6.265,Dublin,Ireland,Entertainment,False,466,1650,Wednesday,20,6,False,12,1.5
DUB202306224190,Rock Festival Night,Entertainment event at 3Arena in Dublin,https://example.com/events/DUB202306224190,2023-06-22T00:00:00,2023-06-23T00:00:00,2023-06-22,3Arena,"North Wall Quay, Dublin 1",53.3478,-6.2297,Dublin,Ireland,Entertainment,False,12220,13000,Thursday,20,6,False,6,7.0
DUB202306232694,Musical Theatre Show,Arts event at Bord Gáis Energy Theatre in Dublin,https://example.com/events/DUB202306232694,2023-06-23T00:00:00,2023-06-30T00:00:00,2023-06-23,Bord Gáis Energy Theatre,"Grand Canal Square, Docklands, Dublin 2",53.3417,-6.2368,Dublin,Ireland,Arts,False,812,2111,Friday,20,6,False,42,4.5
DUB202306243400,Live Music Session,Entertainment event at Olympia Theatre in Dublin,https://example.com/events/DUB202306243400,2023-06-24T00:00:00,2023-06-26T00:00:00,2023-06-24,Olympia Theatre,"72 Dame St, Dublin 2",53.3441,-6.265,Dublin,Ireland,Entertainment,False,979,1650,Saturday,20,6,True,12,3.15
DUB202306244118,Opera Performance,Arts event at Bord Gáis Energy Theatre in Dublin,https://example.com/events/DUB202306244118,2023-06-24T00:00:00,2023-06-25T00:00:00,2023-06-24,Bord Gáis Energy Theatre,"Grand Canal Square, Docklands, Dublin 2",53.3417,-6.2368,Dublin,Ireland,Arts,False,1469,2111,Saturday,19,6,True,6,2.1
DUB202306249533,Irish Music Night,Entertainment event at 3Arena in Dublin,https://example.com/events/DUB202306249533,2023-06-24T00:00:00,2023-06-26T00:00:00,2023-06-24,3Arena,"North Wall Quay, Dublin 1",53.3478,-6.2297,Dublin,Ireland,Entertainment,False,11571,13000,Saturday,19,6,True,12,7.35
DUB202306255483,League of Ireland Football,Sports event at RDS Arena in Dublin,https://example.com/events/DUB202306255483,2023-06-25T00:00:00,2023-06-26T00:00:00,2023-06-25,RDS Arena,"Merrion Rd, Ballsbridge, Dublin 4",53.3256,-6.2305,Dublin,Ireland,Sports,False,26617,8000,Sunday,20,6,True,6,4.9
DUB202306257194,Irish Dance Show,Arts event at Bord Gáis Energy Theatre in Dublin,https://example.com/events/DUB202306257194,2023-06-25T00:00:00,2023-06-26T00:00:00,2023-06-25,Bord Gáis Energy Theatre,"Grand Canal Square, Docklands, Dublin 2",53.3417,-6.2368,Dublin,Ireland,Arts,False,1655,2111,Sunday,19,6,True,6,2.1
DUB202306274190,Rock Festival Night,Entertainment event at 3Arena in Dublin,https://example.com/events/DUB202306274190,2023-06-27T00:00:00,2023-06-28T00:00:00,2023-06-27,3Arena,"North Wall Quay, Dublin 1",53.3478,-6.2297,Dublin,Ireland,Entertainment,False,8133,13000,Tuesday,19,6,False,6,5.0
DUB202306270796,Stand-up Comedy Special,Entertainment event at Olympia Theatre in Dublin,https://example.com/events/DUB202306270796,2023-06-27T00:00:00,2023-06-28T00:00:00,2023-06-27,Olympia Theatre,"72 Dame St, Dublin 2",53.3441,-6.265,Dublin,Ireland,Entertainment,False,878,1650,Tuesday,20,6,False,6,3.0
DUB202306300890,Theatre Production,Entertainment event at Olympia Theatre in Dublin,https://example.com/events/DUB202306300890,2023-06-30T00:00:00,2023-07-01T00:00:00,2023-06-30,Olympia Theatre,"72 Dame St, Dublin 2",53.3441,-6.265,Dublin,Ireland,Entertainment,False,1270,1650,Friday,19,6,False,6,3.0
DUB202306308401,Classical Concert,Entertainment event at 3Arena in Dublin,https://example.com/events/DUB202306308401,2023-06-30T00:00:00,2023-07-02T00:00:00,2023-06-30,3Arena,"North Wall Quay, Dublin 1",53.3478,-6.2297,Dublin,Ireland,Entertainment,False,7864,13000,Friday,20,6,False,12,7.5
DUB202306304118,Opera Performance,Arts event at Bord Gáis Energy Theatre in Dublin,https://example.com/events/DUB202306304118,2023-06-30T00:00:00,2023-07-03T00:00:00,2023-06-30,Bord Gáis Energy Theatre,"Grand Canal Square, Docklands, Dublin 2",53.3417,-6.2368,Dublin,Ireland,Arts,False,1932,2111,Friday,14,6,False,18,4.5
